{
  "axiom.buildertool.cancel": "取消",
  "axiom.buildertool.clone": "克隆工具",
  "axiom.buildertool.clone.finish": "完成",
  "axiom.buildertool.clone.scroll": "滚动以克隆选区方块",
  "axiom.buildertool.confirm": "确认",
  "axiom.buildertool.erase": "清除工具",
  "axiom.buildertool.erase.delete": "删除",
  "axiom.buildertool.erase.erase_box": "清除选区内容",
  "axiom.buildertool.erase.erase_connected": "清除同类连接方块",
  "axiom.buildertool.first_point": "第一选取点",
  "axiom.buildertool.move": "移动工具",
  "axiom.buildertool.move.scroll": "滚动以移动选区方块",
  "axiom.buildertool.scroll_extend": "单击以扩展",
  "axiom.buildertool.scroll_magic": "单击以进行魔法选择",
  "axiom.buildertool.scroll_nudge": "滚动以进行选取框微调",
  "axiom.buildertool.second_point": "第二选取点",
  "axiom.buildertool.setup_symmetry": "对称工具",
  "axiom.buildertool.setup_symmetry.flip": "以%s平面对称",
  "axiom.buildertool.setup_symmetry.move_symmetry": "移动对称工具",
  "axiom.buildertool.setup_symmetry.cmd_nudge_symmetry": "[Command键] 微调对称",
  "axiom.buildertool.setup_symmetry.ctrl_nudge_symmetry": "[Ctrl键] 微调对称",
  "axiom.buildertool.setup_symmetry.nudge_symmetry": "微调对称工具",
  "axiom.buildertool.setup_symmetry.place_symmetry": "放置对称工具",
  "axiom.buildertool.setup_symmetry.rotate": "以%s轴对称",
  "axiom.buildertool.smear": "延展工具",
  "axiom.buildertool.smear.scroll": "滚动以延展选区方块",
  "axiom.buildertool.stack": "堆叠工具",
  "axiom.buildertool.stack.scroll": "滚动以堆叠选区",
  "axiom.capability.angel_placement.description": "可在空中放置方块",
  "axiom.capability.angel_placement.title": "凭空放置",
  "axiom.capability.bulldozer.description_alt": "按住左键可以快速破坏方块",
  "axiom.capability.bulldozer.description": "按住%s可以快速破坏方块",
  "axiom.capability.bulldozer.title": "快速破坏",
  "axiom.capability.fast_place.description": "以可控的方式进行方块的快速放置",
  "axiom.capability.fast_place.title": "快速放置",
  "axiom.capability.force_place.description": "绕过方块放置限制",
  "axiom.capability.force_place.title": "强制放置",
  "axiom.capability.infinite_reach.description": "移除原版触距限制",
  "axiom.capability.infinite_reach.title": "无限触距",
  "axiom.capability.no_clip.description": "在飞行时可穿过方块",
  "axiom.capability.no_clip.title": "穿块模式",
  "axiom.capability.phantom.description": "防止物理触发方块 (如压力板)",
  "axiom.capability.phantom.title": "幽灵模式",
  "axiom.capability.no_updates.description": "在放置/破坏方块时防止触发方块更新",
  "axiom.capability.no_updates.title": "冻结更新",
  "axiom.capability.replace_mode.description": "右击方块时将其替换为手中方块",
  "axiom.capability.replace_mode.title": "替换模式",
  "axiom.capability.tinker.description": "当空手右键单击方块时，可更改此方块的方块状态 。 (前提是此方块拥有多状态)",
  "axiom.capability.tinker.title": "调整工具",
  "axiom.contextmenu.create_display_entity": "创建展示实体",
  "axiom.contextmenu.flight_direction": "飞行方式",
  "axiom.contextmenu.flight_direction.camera": "摄像机",
  "axiom.contextmenu.flight_direction.horizontal": "水平",
  "axiom.contextmenu.flight_momentum": "飞行动量：%s%%",
  "axiom.contextmenu.infinite_reach_limit": "可触及距离为：%s格",
  "axiom.contextmenu.infinite_reach_limit_none": "可触及距离当前为无限",
  "axiom.contextmenu.liquid_opacity": "液体不透明度：%s%%",
  "axiom.contextmenu.min_brightness": "最低亮度: %s%%",
  "axiom.contextmenu.show_display_entity_gizmos": "显示可见实体枢轴",
  "axiom.contextmenu.show_key_hints": "显示按键提示",
  "axiom.contextmenu.show_marker_entity_gizmos": "显示标记实体枢轴",
  "axiom.contextmenu.type_replace": "类型替换",
  "axiom.editorui.enter_key": "回车键",
  "axiom.editorui.escape_key": "Esc键",
  "axiom.editorui.hold_for_more_options": "按住%s可查看更多选项",
  "axiom.editorui.left_mouse_short": "左键",
  "axiom.editorui.mainmenu.create": "创建",
  "axiom.editorui.mainmenu.create.cone": "锥体...",
  "axiom.editorui.mainmenu.create.cuboid": "长方体...",
  "axiom.editorui.mainmenu.create.cylinder": "圆柱...",
  "axiom.editorui.mainmenu.create.pyramid": "金字塔...",
  "axiom.editorui.mainmenu.create.sphere": "球体...",
  "axiom.editorui.mainmenu.edit": "编辑",
  "axiom.editorui.mainmenu.edit.copy": "复制",
  "axiom.editorui.mainmenu.edit.cut": "剪切",
  "axiom.editorui.mainmenu.edit.redo": "重做",
  "axiom.editorui.mainmenu.edit.redo_named": "重做了%s个方块",
  "axiom.editorui.mainmenu.edit.save_blueprint": "保存蓝图",
  "axiom.editorui.mainmenu.edit.undo": "撤销",
  "axiom.editorui.mainmenu.edit.undo_named": "撤销 %s",
  "axiom.editorui.mainmenu.export_schematic": "导出原理图...",
  "axiom.editorui.mainmenu.file": "文件",
  "axiom.editorui.mainmenu.file.import_schematic": "导入原理图...",
  "axiom.editorui.mainmenu.help": "帮助",
  "axiom.editorui.mainmenu.help.debug_info": "调试信息",
  "axiom.editorui.mainmenu.help.discord_server": "加入Discord服务器...",
  "axiom.editorui.mainmenu.help.documentation": "文档...",
  "axiom.editorui.mainmenu.help.keybinds": "按键绑定",
  "axiom.editorui.mainmenu.help.reset_tutorial": "重看教程",
  "axiom.editorui.mainmenu.help.style_editor": "样式编辑器...",
  "axiom.editorui.mainmenu.operations": "操作选项",
  "axiom.editorui.mainmenu.operations.analyze": "分析面板",
  "axiom.editorui.mainmenu.operations.autoshade": "自动着色…",
  "axiom.editorui.mainmenu.operations.drain": "清除液体",
  "axiom.editorui.mainmenu.operations.fill": "填充...",
  "axiom.editorui.mainmenu.operations.fill_bottom": "填充到底部...",
  "axiom.editorui.mainmenu.operations.fill_bottom_description": "用方块填充选区的底部",
  "axiom.editorui.mainmenu.operations.fill_category": "填充",
  "axiom.editorui.mainmenu.operations.fill_description": "用方块填充选区内容",
  "axiom.editorui.mainmenu.operations.fill_nearest": "临近填充",
  "axiom.editorui.mainmenu.operations.fill_nearest_description": "将空方块替换为邻近的非空方块",
  "axiom.editorui.mainmenu.operations.fill_outline": "填充边框...",
  "axiom.editorui.mainmenu.operations.fill_outline_description": "填充选区边缘",
  "axiom.editorui.mainmenu.operations.fill_top": "填充到顶部...",
  "axiom.editorui.mainmenu.operations.fill_top_description": "用方块填充选区的顶部",
  "axiom.editorui.mainmenu.operations.fill_walls": "填充墙壁...",
  "axiom.editorui.mainmenu.operations.fill_walls_description": "用方块填充选区的围合边缘",
  "axiom.editorui.mainmenu.operations.generate": "生成",
  "axiom.editorui.mainmenu.operations.generate_colour_field": "生成色域",
  "axiom.editorui.mainmenu.operations.gravity": "重力",
  "axiom.editorui.mainmenu.operations.replace": "替换...",
  "axiom.editorui.mainmenu.operations.set_biome": "设置生物群系...",
  "axiom.editorui.mainmenu.operations.simulation_category": "模拟",
  "axiom.editorui.mainmenu.operations.smoothsnow": "平滑处理雪地",
  "axiom.editorui.mainmenu.operations.type_replace": "类型替换...",
  "axiom.editorui.mainmenu.operations.waterlog": "含水方块",
  "axiom.editorui.mainmenu.select": "选择",
  "axiom.editorui.mainmenu.select.bounding_box": "边界设置",
  "axiom.editorui.mainmenu.select.clear": "清除",
  "axiom.editorui.mainmenu.select.distort": "失真...",
  "axiom.editorui.mainmenu.select.expand": "扩展选区...",
  "axiom.editorui.mainmenu.select.filter": "筛选...",
  "axiom.editorui.mainmenu.select.shrink": "收缩...",
  "axiom.editorui.mainmenu.select.smooth": "平滑...",
  "axiom.editorui.mainmenu.toolmasks": "蒙版工具",
  "axiom.editorui.mainmenu.toolmasks.clear": "清除",
  "axiom.editorui.mainmenu.toolmasks.edit": "编辑",
  "axiom.editorui.mainmenu.view": "视图",
  "axiom.editorui.mainmenu.view.liquid_opacity": "液体不透明度",
  "axiom.editorui.mainmenu.view.min_brightness": "伽马值",
  "axiom.editorui.mainmenu.view.show_biomes": "显示生物群系",
  "axiom.editorui.mainmenu.view.show_annotations": "显示注释",
  "axiom.editorui.mainmenu.view.show_key_presses": "按键显示",
  "axiom.editorui.mainmenu.view.show_selection": "显示选区",
  "axiom.editorui.mainmenu.view.show_ruler": "显示标尺",
  "axiom.editorui.mainmenu.view.ui_scale": "界面缩放",
  "axiom.editorui.mainmenu.window": "窗口",
  "axiom.editorui.mainmenu.window.show_close_window_button": "显示窗口关闭按钮",
  "axiom.editorui.mainmenu.window.windows": "窗口",
  "axiom.editorui.middle_mouse_short": "中键",
  "axiom.editorui.multiple_keybinds": "绑定多个",
  "axiom.editorui.no_keybind": "未设置",
  "axiom.editorui.pin_location": "固定选项卡",
  "axiom.editorui.pin_world": "固定世界",
  "axiom.editorui.right_mouse_short": "右键",
  "axiom.editorui.skip_update": "跳过",
  "axiom.editorui.spectators_generate_chunks_warning": "警告：检测到游戏规则 spectatorsGenerateChunks 值为 false，这将导致编辑器 UI 出现重大问题。 请将该游戏规则设置为 true",
  "axiom.editorui.speed": "速度",
  "axiom.editorui.tool_stabilization": "工具稳定化",
  "axiom.editorui.styles.imgui_dark": "ImGui 暗色主题",
  "axiom.editorui.styles.imgui_light": "ImGui 亮色主题",
  "axiom.editorui.teleport": "传送...",
  "axiom.editorui.update": "更新",
  "axiom.editorui.view.create_new": "新建视图",
  "axiom.editorui.view.main_name": "主视口",
  "axiom.editorui.view.new_view_name": "新建视图",
  "axiom.editorui.warning_confirmation": "我明白。不再显示此消息",
  "axiom.editorui.window.clipboard_installation": "Clipboard Installation",
  "axiom.editorui.window.active_block": "选择的方块",
  "axiom.editorui.window.active_block.edit_properties_below": "*编辑以下属性",
  "axiom.editorui.window.analyze": "分析面板",
  "axiom.editorui.window.analyze.block_count": "数量",
  "axiom.editorui.window.analyze.block_distribution": "分布率",
  "axiom.editorui.window.analyze.block_type": "方块",
  "axiom.editorui.window.analyze.clear_information": "清除",
  "axiom.editorui.window.analyze.do_analyze": "开始分析",
  "axiom.editorui.window.autoshade": "自动着色",
  "axiom.editorui.window.animated_rebuild": "动画重建",
  "axiom.editorui.window.autoshade.do_autoshade": "自动着色",
  "axiom.editorui.window.block_distribution_total": "总计",
  "axiom.editorui.window.blueprint_browser": "蓝图库",
  "axiom.editorui.window.blueprint_browser.add_folder": "添加文件夹",
  "axiom.editorui.window.blueprint_browser.automatically_refresh": "自动刷新",
  "axiom.editorui.window.blueprint_browser.automatically_refresh.description": "添加/删除文件时自动刷新蓝图列表",
  "axiom.editorui.window.blueprint_browser.search_inside_folders": "在文件夹内搜索",
  "axiom.editorui.window.blueprint_browser.search_inside_folders.description": "如果启用，将在子文件夹内递归搜索，而不仅在当前文件夹内搜索",
  "axiom.editorui.window.blueprint_browser.close": "关闭",
  "axiom.editorui.window.blueprint_browser.confirm": "确认",
  "axiom.editorui.window.blueprint_browser.delete": "删除",
  "axiom.editorui.window.blueprint_browser.disable_auto_refresh": "禁用自动刷新",
  "axiom.editorui.window.blueprint_browser.edit_blueprint": "编辑蓝图",
  "axiom.editorui.window.blueprint_browser.file_browser_osx": "访达",
  "axiom.editorui.window.blueprint_browser.file_browser_other": "系统文件浏览器",
  "axiom.editorui.window.blueprint_browser.file_browser_win": "Windows 资源管理器",
  "axiom.editorui.window.blueprint_browser.file_missing": "没有此类型的文件",
  "axiom.editorui.window.blueprint_browser.file_missing_message1": "文件 '%s' 不存在！",
  "axiom.editorui.window.blueprint_browser.file_missing_message2": "你通过%s移动/删除了它吗？",
  "axiom.editorui.window.blueprint_browser.go_back": "返回",
  "axiom.editorui.window.blueprint_browser.go_forwards": "前进",
  "axiom.editorui.window.blueprint_browser.move_file": "移动文件",
  "axiom.editorui.window.blueprint_browser.move_file_already_exists": "文件 '%s' 已经在这个目录里了",
  "axiom.editorui.window.blueprint_browser.move_file_overwrite": "覆盖蓝图文件",
  "axiom.editorui.window.blueprint_browser.new_folder": "新建文件夹",
  "axiom.editorui.window.blueprint_browser.new_folder_i": "新建文件夹 (%s)",
  "axiom.editorui.window.blueprint_browser.open_folder": "打开文件夹",
  "axiom.editorui.window.blueprint_browser.overflow_files": "操作失败，蓝图文件修改过多！",
  "axiom.editorui.window.blueprint_browser.overflow_files_message": "检测到大量文件被更改",
  "axiom.editorui.window.blueprint_browser.reload": "重载",
  "axiom.editorui.window.blueprint_browser.rename_file": "重命名文件",
  "axiom.editorui.window.blueprint_browser.sort_by": "排序方式",
  "axiom.editorui.window.blueprint_browser.sort_by.ascending": "升序",
  "axiom.editorui.window.blueprint_browser.sort_by.block_count": "方块数量",
  "axiom.editorui.window.blueprint_browser.sort_by.descending": "降序",
  "axiom.editorui.window.blueprint_browser.sort_by.name": "按名称排序",
  "axiom.editorui.window.blueprint_browser.unnamed_blueprint": "未命名",
  "axiom.editorui.window.clipboard": "剪贴板",
  "axiom.editorui.window.clipboard.clear": "清除",
  "axiom.editorui.window.clipboard.copy_hint": "按下%s将选区内容复制到剪贴板",
  "axiom.editorui.window.clipboard.empty": "空",
  "axiom.editorui.window.clipboard.n_blocks": "%s 个方块",
  "axiom.editorui.window.clipboard.n_block_entities": "%s 个方块实体",
  "axiom.editorui.window.clipboard.n_entities": "%s 个实体",
  "axiom.editorui.window.clipboard.single_block": "单个方块",
  "axiom.editorui.window.clipboard.single_block_entity": "单个方块实体",
  "axiom.editorui.window.clipboard.single_entity": "单个实体",
  "axiom.editorui.window.clipboard.paste_hint": "%s 进行粘贴",
  "axiom.editorui.window.clipboard.placement_options": "放置选项",
  "axiom.editorui.window.clipboard.placement_options.keep_existing": "保留已有内容",
  "axiom.editorui.window.clipboard.placement_options.paste_air": "粘贴空气",
  "axiom.editorui.window.clipboard.placement_options.rotate_scale": "旋转/缩放...",
  "axiom.editorui.window.clipboard.unlock_rotation": "解锁旋转限制",
  "axiom.editorui.window.clipboard.warning_1": "非90度旋转是一种使内容有损的操作",
  "axiom.editorui.window.clipboard.warning_2": "当您不以90度来旋转建筑时，可能会造成一定的内容损失，并且难以恢复。",
  "axiom.editorui.window.clipboard.warning_title": "非90度旋转警告",
  "axiom.editorui.window.create_blueprint": "创建蓝图",
  "axiom.editorui.window.create_blueprint.angle": "角度",
  "axiom.editorui.window.create_blueprint.author": "作者",
  "axiom.editorui.window.create_blueprint.name": "蓝图名称",
  "axiom.editorui.window.create_blueprint.save": "保存",
  "axiom.editorui.window.create_blueprint.save_blueprint": "保存蓝图",
  "axiom.editorui.window.create_shape": "创建形状面板",
  "axiom.editorui.window.create_shape.advanced": "高级选项",
  "axiom.editorui.window.create_shape.cone": "锥体",
  "axiom.editorui.window.create_shape.copied": "复制到剪贴板",
  "axiom.editorui.window.create_shape.copy_to_clipboard": "复制到剪贴板",
  "axiom.editorui.window.create_shape.cuboid": "长方体",
  "axiom.editorui.window.create_shape.cylinder": "圆柱体",
  "axiom.editorui.window.create_shape.do_place": "放置",
  "axiom.editorui.window.create_shape.height": "高度",
  "axiom.editorui.window.create_shape.hollow": "空心",
  "axiom.editorui.window.create_shape.pitch": "俯仰角",
  "axiom.editorui.window.create_shape.pyramid": "金字塔",
  "axiom.editorui.window.create_shape.radius": "半径",
  "axiom.editorui.window.create_shape.roll": "翻滚角",
  "axiom.editorui.window.create_shape.separate_xyz": "分离 X Y Z 轴",
  "axiom.editorui.window.create_shape.separate_xz": "分离 X Z 轴",
  "axiom.editorui.window.create_shape.shape": "形状",
  "axiom.editorui.window.create_shape.sphere": "球体",
  "axiom.editorui.window.create_shape.width": "宽度",
  "axiom.editorui.window.create_shape.yaw": "偏航角",
  "axiom.editorui.window.debug_info": "调试信息",
  "axiom.editorui.window.distort_selection": "失真操作面板",
  "axiom.editorui.window.distort_selection.distance": "距离",
  "axiom.editorui.window.distort_selection.do_distort": "执行失真",
  "axiom.editorui.window.distort_selection.noise_radius": "噪声半径",
  "axiom.editorui.window.expand_selection": "扩展选区面板",
  "axiom.editorui.window.expand_selection.do_expand": "确认扩展选区",
  "axiom.editorui.window.expand_selection.expand_selection_by": "要扩展选区的大小",
  "axiom.editorui.window.fill": "填充面板",
  "axiom.editorui.window.fill.all": "全部",
  "axiom.editorui.window.fill.bottom": "底部",
  "axiom.editorui.window.fill.do_fill": "执行填充",
  "axiom.editorui.window.fill.inside": "内部",
  "axiom.editorui.window.fill.outline": "轮廓",
  "axiom.editorui.window.fill.top": "顶部",
  "axiom.editorui.window.fill.walls": "墙",
  "axiom.editorui.window.filter_selection": "筛选选择",
  "axiom.editorui.window.filter_selection.filter": "筛选",
  "axiom.editorui.window.history": "历史记录",
  "axiom.editorui.window.history.clear": "清除",
  "axiom.editorui.window.history.history_size": "历史记录大小：%s",
  "axiom.editorui.window.history.no_history": "没有历史记录",
  "axiom.editorui.window.keybinds": "按键绑定面板",
  "axiom.editorui.window.keybinds.conflicts_with": "此快捷键与%s冲突",
  "axiom.editorui.window.keybinds.load_axiom_defaults": "Axiom默认设置",
  "axiom.editorui.window.keybinds.load_blender_defaults": "Blender模式",
  "axiom.editorui.window.keybinds.load_default": "加载配置...",
  "axiom.editorui.window.keybinds.unbind": "取消绑定",
  "axiom.editorui.window.inventory": "物品栏",
  "axiom.editorui.window.inventory.hotbar": "快捷栏",
  "axiom.editorui.window.inventory.inventory": "物品栏",
  "axiom.editorui.window.palette": "调色板",
  "axiom.editorui.window.palette.add_block_to": "选择并将方块添加至 %s",
  "axiom.editorui.window.palette.add_new_block": "添加新方块",
  "axiom.editorui.window.palette.add_new_category": "新建分类",
  "axiom.editorui.window.palette.after": "位于%s之后",
  "axiom.editorui.window.palette.are_you_sure_delete": "你确定要删除 '%s' 吗？",
  "axiom.editorui.window.palette.before": "位于%s之前",
  "axiom.editorui.window.palette.cannot_be_undone": "此操作无法撤消",
  "axiom.editorui.window.palette.child_of": "位于%s的子级",
  "axiom.editorui.window.palette.custom": "自定义",
  "axiom.editorui.window.palette.custom_empty": "空 (右击添加)",
  "axiom.editorui.window.palette.delete": "删除 %s",
  "axiom.editorui.window.palette.invalid_name_blank": "无效无效：名称不能为空",
  "axiom.editorui.window.palette.invalid_name_contains_hash": "无效名称：不能包含“#”",
  "axiom.editorui.window.palette.invalid_name_duplicate": "存在重复的名称：%s",
  "axiom.editorui.window.palette.recently_used": "最近使用的方块",
  "axiom.editorui.window.palette.remove_block": "移除方块",
  "axiom.editorui.window.palette.rename": "重命名为 %s",
  "axiom.editorui.window.palette.this_will_delete_children": "这将同时删除%s的所有子元素",
  "axiom.editorui.window.palette.unknown_custom_block": "未知的自定义方块",
  "axiom.editorui.window.replace": "替换面板",
  "axiom.editorui.window.replace.copy_properties": "复制属性",
  "axiom.editorui.window.replace.do_replace": "执行替换",
  "axiom.editorui.window.rotate_placement": "旋转/缩放 放置",
  "axiom.editorui.window.set_biome": "设置生物群系",
  "axiom.editorui.window.set_biome.do_set_biome": "设置生物群系",
  "axiom.editorui.window.set_biome.fill_vertically": "垂直填充",
  "axiom.editorui.window.shrink_selection": "收缩选区面板",
  "axiom.editorui.window.shrink_selection.do_shrink": "执行收缩",
  "axiom.editorui.window.shrink_selection.shrink_selection_by": "缩小选取范围",
  "axiom.editorui.window.smooth_selection": "平滑选区面板",
  "axiom.editorui.window.smooth_selection.do_smooth": "执行平滑",
  "axiom.editorui.window.smooth_selection.stddev": "离散程度",
  "axiom.editorui.window.smooth_selection.threshold": "平滑临界值",
  "axiom.editorui.window.style_editor": "样式编辑器",
  "axiom.editorui.window.style_editor.base_style": "基础样式",
  "axiom.editorui.window.style_editor.border_color": "边框",
  "axiom.editorui.window.style_editor.borders_category": "边框",
  "axiom.editorui.window.style_editor.button": "按钮",
  "axiom.editorui.window.style_editor.button_active": "按钮 (已激活)",
  "axiom.editorui.window.style_editor.button_hovered": "按钮 (悬停状态)",
  "axiom.editorui.window.style_editor.checkmark": "复选标记",
  "axiom.editorui.window.style_editor.child_borders": "子边框",
  "axiom.editorui.window.style_editor.child_rounding": "子元素圆角",
  "axiom.editorui.window.style_editor.color": "颜色",
  "axiom.editorui.window.style_editor.copied": "已复制！",
  "axiom.editorui.window.style_editor.custom_theme": "自定义主题",
  "axiom.editorui.window.style_editor.disabled_text": "禁用文本",
  "axiom.editorui.window.style_editor.docking_empty_background": "停靠空白背景",
  "axiom.editorui.window.style_editor.docking_preview": "停靠预览",
  "axiom.editorui.window.style_editor.drag_drop_target": "拖放目标区域",
  "axiom.editorui.window.style_editor.export_to_clipboard": "导出到剪贴板",
  "axiom.editorui.window.style_editor.frame_background": "框架背景",
  "axiom.editorui.window.style_editor.frame_background_active": "框架背景 (已激活)",
  "axiom.editorui.window.style_editor.frame_background_hovered": "框架背景 (悬停状态)",
  "axiom.editorui.window.style_editor.frame_borders": "框架边框",
  "axiom.editorui.window.style_editor.frame_category": "框架",
  "axiom.editorui.window.style_editor.frame_rounding": "框架圆角",
  "axiom.editorui.window.style_editor.header": "标题栏",
  "axiom.editorui.window.style_editor.header_active": "标题栏 (已激活)",
  "axiom.editorui.window.style_editor.header_hovered": "标题栏 (悬停状态)",
  "axiom.editorui.window.style_editor.import_from_clipboard": "从剪贴板导入",
  "axiom.editorui.window.style_editor.menu_bar_background": "菜单栏背景",
  "axiom.editorui.window.style_editor.other_category": "其他",
  "axiom.editorui.window.style_editor.popup_background": "弹出框背景",
  "axiom.editorui.window.style_editor.popup_borders": "弹出框边框",
  "axiom.editorui.window.style_editor.popup_rounding": "弹出框圆角",
  "axiom.editorui.window.style_editor.reset": "重置",
  "axiom.editorui.window.style_editor.resize_grip": "调整把手",
  "axiom.editorui.window.style_editor.resize_grip_active": "调整把手 (已激活)",
  "axiom.editorui.window.style_editor.resize_grip_hovered": "调整把手 (悬停状态)",
  "axiom.editorui.window.style_editor.revert": "恢复",
  "axiom.editorui.window.style_editor.rounding_category": "圆角",
  "axiom.editorui.window.style_editor.scrollbar_background": "滚动条背景",
  "axiom.editorui.window.style_editor.scrollbar_category": "滚动条",
  "axiom.editorui.window.style_editor.scrollbar_grab": "滚动条拖动区域",
  "axiom.editorui.window.style_editor.scrollbar_grab_active": "滚动条拖动区域 (已激活)",
  "axiom.editorui.window.style_editor.scrollbar_grab_hovered": "滚动条拖动区域 (悬停状态)",
  "axiom.editorui.window.style_editor.scrollbar_rounding": "滚动条圆角",
  "axiom.editorui.window.style_editor.separator": "分隔线",
  "axiom.editorui.window.style_editor.separator_active": "分隔线 (已激活)",
  "axiom.editorui.window.style_editor.separator_hovered": "分隔线 (悬停状态)",
  "axiom.editorui.window.style_editor.sizes": "尺寸",
  "axiom.editorui.window.style_editor.slider_grab": "滑块拖动区域",
  "axiom.editorui.window.style_editor.slider_grab_active": "滑块拖动区域 (已激活)",
  "axiom.editorui.window.style_editor.slider_grab_rounding": "滑块拖动区域圆角",
  "axiom.editorui.window.style_editor.tab": "选项卡",
  "axiom.editorui.window.style_editor.tab_active": "选项卡 (已激活)",
  "axiom.editorui.window.style_editor.tab_borders": "选项卡边框",
  "axiom.editorui.window.style_editor.tab_hovered": "选项卡 (悬停状态)",
  "axiom.editorui.window.style_editor.tab_rounding": "选项卡圆角",
  "axiom.editorui.window.style_editor.table_border_light": "表格边框 (亮色)",
  "axiom.editorui.window.style_editor.table_border_strong": "表格边框 (粗线)",
  "axiom.editorui.window.style_editor.text": "文本",
  "axiom.editorui.window.style_editor.text_category": "文本",
  "axiom.editorui.window.style_editor.theme_name": "主题名称",
  "axiom.editorui.window.style_editor.theme_parameters": "主题参数",
  "axiom.editorui.window.style_editor.title_background": "标题背景",
  "axiom.editorui.window.style_editor.title_background_active": "标题背景 (已激活)",
  "axiom.editorui.window.style_editor.title_background_collapsed": "标题背景 (悬停状态)",
  "axiom.editorui.window.style_editor.unfocused_tab": "未聚焦的选项卡",
  "axiom.editorui.window.style_editor.unfocused_tab_active": "未聚焦的选项卡 (已激活)",
  "axiom.editorui.window.style_editor.widget_category": "部件",
  "axiom.editorui.window.style_editor.window_background": "窗口背景",
  "axiom.editorui.window.style_editor.window_borders": "窗口边框",
  "axiom.editorui.window.style_editor.window_category": "窗口",
  "axiom.editorui.window.style_editor.window_rounding": "窗口圆角",
  "axiom.editorui.window.target_info": "目标信息",
  "axiom.editorui.window.text_annotations": "文本注释",
  "axiom.editorui.window.target_info.distance": "距离：%s个方块",
  "axiom.editorui.window.target_info.no_target": "没有目标方块",
  "axiom.editorui.window.target_info.position": "坐标: %s, %s, %s",
  "axiom.editorui.window.target_info.targeted_biome": "目标生物群系ID: %s",
  "axiom.editorui.window.target_info.targeted_block": "目标方块: %s",
  "axiom.editorui.window.tool_masks": "蒙版工具编辑面板",
  "axiom.editorui.window.tool_masks.logic": "逻辑操作",
  "axiom.editorui.window.tool_masks.mask_above": "上方",
  "axiom.editorui.window.tool_masks.mask_adjacent": "相邻的 (水平)",
  "axiom.editorui.window.tool_masks.mask_and": "与",
  "axiom.editorui.window.tool_masks.mask_angle": "角度",
  "axiom.editorui.window.tool_masks.mask_below": "下方",
  "axiom.editorui.window.tool_masks.mask_biome": "群系",
  "axiom.editorui.window.tool_masks.mask_block": "方块",
  "axiom.editorui.window.tool_masks.mask_can_see_sky": "可见天空",
  "axiom.editorui.window.tool_masks.mask_inselection": "在选区内",
  "axiom.editorui.window.tool_masks.mask_near": "附近的",
  "axiom.editorui.window.tool_masks.mask_neighbor": "相邻的",
  "axiom.editorui.window.tool_masks.mask_not": "不为",
  "axiom.editorui.window.tool_masks.mask_offset": "偏移",
  "axiom.editorui.window.tool_masks.mask_or": "或",
  "axiom.editorui.window.tool_masks.mask_surface": "表面",
  "axiom.editorui.window.tool_masks.masks": "蒙版",
  "axiom.editorui.window.tool_masks.mode": "模式",
  "axiom.editorui.window.tool_masks.mode_dest": "仅目标",
  "axiom.editorui.window.tool_masks.mode_source": "仅源",
  "axiom.editorui.window.tool_masks.mode_source_and_dest": "源和目标",
  "axiom.editorui.window.tool_options": "工具选项",
  "axiom.editorui.window.tool_options.no_active_tool": "没有选择工具",
  "axiom.editorui.window.tools": "工具面板",
  "axiom.editorui.window.type_replace": "类型替换",
  "axiom.editorui.window.world_properties": "世界选项",
  "axiom.editorui.window.world_properties.block_drops": "方块掉落",
  "axiom.editorui.window.world_properties.block_gravity": "方块重力",
  "axiom.editorui.window.world_properties.blocks": "方块",
  "axiom.editorui.window.world_properties.clear_weather": "晴天",
  "axiom.editorui.window.world_properties.day": "白天",
  "axiom.editorui.window.world_properties.fire_tick": "火焰蔓延",
  "axiom.editorui.window.world_properties.freeze_time": "冻结时间",
  "axiom.editorui.window.world_properties.midnight": "午夜",
  "axiom.editorui.window.world_properties.mob_spawning": "允许生物生成",
  "axiom.editorui.window.world_properties.night": "夜晚",
  "axiom.editorui.window.world_properties.noon": "中午",
  "axiom.editorui.window.world_properties.pause_weather": "保持当前天气",
  "axiom.editorui.window.world_properties.player": "玩家规则",
  "axiom.editorui.window.world_properties.player_invulnerability": "玩家无敌",
  "axiom.editorui.window.world_properties.rain_weather": "雨天",
  "axiom.editorui.window.world_properties.random_tick_speed": "随机刻速度",
  "axiom.editorui.window.world_properties.thunder_weather": "雷雨",
  "axiom.editorui.window.world_properties.time": "时间设置",
  "axiom.editorui.window.world_properties.trample_farmland": "破坏耕地",
  "axiom.editorui.window.world_properties.unavailable": "不可用",
  "axiom.editorui.window.world_properties.unavailable_description": "服务器不支持编辑任何世界属性",
  "axiom.editorui.window.world_properties.weather": "天气",
  "axiom.generic.close": "关闭",
  "axiom.history_description.biome_painted": "绘制了%s个生物群系方块",
  "axiom.history_description.cloned": "克隆了%s个方块",
  "axiom.history_description.hollowed": "挖空了%s个方块",
  "axiom.history_description.filled_gaps": "填充间隙(%s个方块)",
  "axiom.history_description.filled_unreachable": "填充不可达区域(%s个方块)",
  "axiom.history_description.cut": "剪切了%s个方块",
  "axiom.history_description.deleted": "删除了%s个方块",
  "axiom.history_description.deselected": "取消选择了%s个方块",
  "axiom.history_description.deselected_all": "取消选择了全部方块",
  "axiom.history_description.distorted": "失真了%s个方块",
  "axiom.history_description.drained_n": "清除了%s个液体方块",
  "axiom.history_description.drew": "绘制了%s个方块",
  "axiom.history_description.updated": "更新了%s个方块",
  "axiom.history_description.elevation_tool": "相对高度工具 (修改了%s个方块)",
  "axiom.history_description.expanded": "扩展了%s个方块",
  "axiom.history_description.extrude_tool": "拉伸工具 (修改了%s个方块)",
  "axiom.history_description.fill_nearest": "临近填充 (修改了%s个方块)",
  "axiom.history_description.flatten_tool": "扁平化工具 (修改了%s个方块)",
  "axiom.history_description.floodfilled": "填充了%s个方块",
  "axiom.history_description.melted": "擦除了%s个方块",
  "axiom.history_description.modified": "已修改%s个方块",
  "axiom.history_description.moved": "移动了%s个方块",
  "axiom.history_description.painted": "绘制了%s个方块",
  "axiom.history_description.placed": "放置了%s个方块",
  "axiom.history_description.placed_blueprint": "放置了%s",
  "axiom.history_description.rock_tool": "岩石工具(修改了%s个方块)",
  "axiom.history_description.roughen_tool": "粗糙工具(修改了%s个方块)",
  "axiom.history_description.sculpt_draw_tool": "雕绘工具(修改了%s个方块)",
  "axiom.history_description.selected": "选择了%s个方块",
  "axiom.history_description.selected_additional": "增选了%s个方块",
  "axiom.history_description.set_n_blocks_to": "将%s个方块设置为 %s",
  "axiom.history_description.shatter": "破碎了%s个方块",
  "axiom.history_description.shrunk": "收缩了%s个方块",
  "axiom.history_description.slope_tool": "斜坡工具 (修改了%s个方块)",
  "axiom.history_description.smeared": "延展了%s个方块",
  "axiom.history_description.smoothed": "平滑了%s个方块",
  "axiom.history_description.stacked": "堆叠了%s个方块",
  "axiom.history_description.text_tool": "文字工具 (修改了%s个方块)",
  "axiom.history_description.waterlogged_n": "调整%s个方块为含水方块",
  "axiom.history_description.welded": "焊接了%s个方块",
  "axiom.key.scroll_down": "向下滚动",
  "axiom.key.scroll_left": "向左滚动",
  "axiom.key.scroll_right": "向右滚动",
  "axiom.key.scroll_up": "向上滚动",
  "key.category.axiom.keybind": "Axiom",
  "axiom.keybind.builder_tool_slot": "建造工具快捷栏",
  "axiom.keybind.context": "工具菜单",
  "axiom.keybind.nudge_backwards": "选取框向后微调",
  "axiom.keybind.nudge_forwards": "选取框向前微调",
  "axiom.keybind.nudge_with_scroll": "选取框微调",
  "axiom.keybind.orbit_camera": "环绕视角模式",
  "axiom.keybind.jump_to_block": "跳转到方块",
  "axiom.keybind.toggle_angel_placement_cap": "切换空中放置",
  "axiom.keybind.toggle_bulldozer_cap": "切换快速破坏",
  "axiom.keybind.toggle_editor_ui": "切换编辑器界面",
  "axiom.keybind.toggle_fast_place_cap": "切换快速放置",
  "axiom.keybind.toggle_force_place_cap": "切换强制放置",
  "axiom.keybind.toggle_infinite_reach_cap": "切换可触及范围",
  "axiom.keybind.toggle_no_clip_cap": "切换穿块模式",
  "axiom.keybind.toggle_no_updates_cap": "切换冻结更新",
  "axiom.keybind.toggle_replace_mode_cap": "切换替换模式",
  "axiom.keybind.toggle_tinker_cap": "切换调整工具",
  "axiom.keybind.toggle_invisible_blocks": "切换显示隐形方块",
  "key.category.axiom.keybind_builder_tools": "Axiom (建造工具)",
  "key.category.axiom.keybind_capabilities": "Axiom (功能)",
  "axiom.keybind_categories.basic": "基础",
  "axiom.keybind_categories.gizmo": "枢轴",
  "axiom.keybind_categories.edit": "编辑",
  "axiom.keybind_categories.movement": "移动",
  "axiom.keybind_categories.ingame": "游戏内",
  "axiom.keybind_categories.operations": "操作类",
  "axiom.keybind_categories.placement": "放置类",
  "axiom.keybind_categories.view": "视图",
  "axiom.keybind_categories.tools": "工具",
  "axiom.keybind_options.invert_camera_rotate": "反转视角旋转的方向",
  "axiom.keybind_options.use_enhanced_flight": "强制使用增强飞行",
  "axiom.keybind_options.use_vanilla_movement": "使用原版移动按键",
  "axiom.keybinds.adjust_radius": "调整工具半径",
  "axiom.keybinds.adjust_speed": "调整速度 (使用滚轮)",
  "axiom.keybinds.arcball_camera": "环绕视角模式",
  "axiom.keybinds.arcball_cardinal_snap": "环绕视角基本方向吸附",
  "axiom.keybinds.copy": "复制",
  "axiom.keybinds.copy_with_air": "复制 (包含空气)",
  "axiom.keybinds.copy_ingame": "复制 (游戏内)",
  "axiom.keybinds.builder_tool_delete": "删除 (建造工具)",
  "axiom.keybinds.nudge_forwards": "向前微调",
  "axiom.keybinds.nudge_backwards": "向后微调",
  "axiom.keybinds.nudge_left": "向左微调",
  "axiom.keybinds.nudge_right": "向右微调",
  "axiom.keybinds.nudge_plus_y": "向上微调",
  "axiom.keybinds.nudge_minus_y": "向下微调",
  "axiom.keybinds.crosshair_camera": "准心",
  "axiom.keybinds.cut": "剪切",
  "axiom.keybinds.duplicate": "重复",
  "axiom.keybinds.flip_placement": "翻转放置内容",
  "axiom.keybinds.paste_and_select": "粘贴并选中",
  "axiom.keybinds.move_backward": "向后移动",
  "axiom.keybinds.move_down": "向下移动 (潜行)",
  "axiom.keybinds.move_forward": "向前移动",
  "axiom.keybinds.move_left": "向左移动",
  "axiom.keybinds.move_quick": "快速移动 (疾跑)",
  "axiom.keybinds.move_right": "向右移动",
  "axiom.keybinds.move_up": "向上移动 (跳跃/飞行)",
  "axiom.keybinds.pan_camera": "平移相机模式",
  "axiom.keybinds.paste": "粘贴",
  "axiom.keybinds.delete": "删除",
  "axiom.keybinds.pick_block": "获得目标方块",
  "axiom.keybinds.quick_fill": "快速填充",
  "axiom.keybinds.quick_fill.fill_with": "选择填充方块...",
  "axiom.keybinds.quick_replace": "快速替换",
  "axiom.keybinds.quick_replace.replace_from": "选择目标方块 (将要被替换掉的方块)",
  "axiom.keybinds.quick_replace.replace_to": "选择替换方块 (将要用来替换目标方块的方块)",
  "axiom.keybinds.quick_replace.replace_all": "替换全部方块",
  "axiom.keybinds.redo": "重做",
  "axiom.keybinds.rotate_camera": "旋转视角模式",
  "axiom.keybinds.rotate_placement": "旋转放置内容",
  "axiom.keybinds.save_blueprint": "保存蓝图",
  "axiom.keybinds.swap_to_last_tool": "换为上一个工具",
  "axiom.keybinds.show_biomes": "显示生物群系",
  "axiom.keybinds.show_annotations": "显示注释",
  "axiom.keybinds.flip_canvas": "翻转画布",
  "axiom.keybinds.show_display_entity_gizmos": "显示可见实体枢轴",
  "axiom.keybinds.show_marker_entity_gizmos": "显示标记实体枢轴",
  "axiom.keybinds.show_collision_mesh": "显示碰撞网格",
  "axiom.keybinds.show_light_blocks": "显示光照方块",
  "axiom.keybinds.show_moving_piston_blocks": "显示移动活塞方块",
  "axiom.keybinds.show_structure_void_blocks": "显示结构空位方块",
  "axiom.keybinds.show_selection": "显示选区",
  "axiom.keybinds.confirm": "确认",
  "axiom.keybinds.extrude_point": "挤出点",
  "axiom.keybinds.undo": "撤销",
  "axiom.keybinds.use_tool": "使用工具",
  "axiom.keymod.alt": "Alt",
  "axiom.keymod.ctrl": "Ctrl",
  "axiom.keymod.mac_cmd": "Command",
  "axiom.keymod.shift": "Shift",
  "axiom.keymod.super": "Super",
  "axiom.keymod.win_super": "Win",
  "axiom.mask.angle.angle_tooltip": "要检查的期望角度。以度为单位，90 = 向上，0 = 水平，-90 = 向下",
  "axiom.mask.angle.range": "范围",
  "axiom.mask.angle.range_tooltip": "允许的角度范围，越大表示允许的角度越多",
  "axiom.mask.near.radius": "半径",
  "axiom.preset.create_new_preset": "创建新预设",
  "axiom.preset.default": "默认",
  "axiom.preset.delete": "删除 '%s'",
  "axiom.preset.name": "名称",
  "axiom.preset.save": "保存",
  "axiom.toasts.disabled": "'%s'已禁用",
  "axiom.toasts.enabled": "'%s'已启用",
  "axiom.tool.fluid_ball": "流体球",
  "axiom.tool.script_brush": "脚本笔刷",
  "axiom.tool.biome_painter": "生物群系绘制工具",
  "axiom.tool.biome_painter.fill_vertically": "垂直填充",
  "axiom.tool.biome_painter.visualize_biomes": "生物群系可视化",
  "axiom.tool.box_select": "框选工具",
  "axiom.tool.box_select.box_select.create_marker_region": "创建标记区域",
  "axiom.tool.box_select.input_mode": "输入",
  "axiom.tool.box_select.input_mode.pos1_and_pos2": "坐标点 1 和 坐标点 2",
  "axiom.tool.box_select.input_mode.position_and_size": "坐标和尺寸",
  "axiom.tool.box_select.pos1": "坐标点 1",
  "axiom.tool.box_select.pos2": "坐标点 2",
  "axiom.tool.box_select.position": "坐标",
  "axiom.tool.box_select.shrink": "收缩",
  "axiom.tool.box_select.shrink_description": "收缩选区以适应非空气方块",
  "axiom.tool.box_select.size": "尺寸",
  "axiom.tool.clentaminator": "环境改造枪",
  "axiom.tool.clentaminator.allow_tall_grass": "允许使用高草丛",
  "axiom.tool.clentaminator.clear": "清除",
  "axiom.tool.clentaminator.crop_type": "农作物类型",
  "axiom.tool.clentaminator.crops": "农作物",
  "axiom.tool.clentaminator.decorations": "环境物品",
  "axiom.tool.clentaminator.dirt_ground": "泥土地面",
  "axiom.tool.clentaminator.farmland": "耕地",
  "axiom.tool.clentaminator.fertile_ocean_floor": "丰富的海底",
  "axiom.tool.clentaminator.fully_grown": "完全成熟",
  "axiom.tool.clentaminator.grass": "草方块",
  "axiom.tool.clentaminator.grass_block": "矮草丛",
  "axiom.tool.clentaminator.grassiness": "草地密度",
  "axiom.tool.clentaminator.gravel_ground": "砾石地面",
  "axiom.tool.clentaminator.moist_farmland": "湿润的耕地",
  "axiom.tool.clentaminator.sand": "沙子",
  "axiom.tool.clentaminator.stone": "石头",
  "axiom.tool.clentaminator.tall_grass_block": "高草丛",
  "axiom.tool.clentaminator.terrain": "地形",
  "axiom.tool.distort": "失真工具",
  "axiom.tool.distort.distance": "距离",
  "axiom.tool.distort.distance_x": "X轴距离",
  "axiom.tool.distort.distance_y": "Y轴距离",
  "axiom.tool.distort.distance_z": "Z轴距离",
  "axiom.tool.distort.distortion": "失真",
  "axiom.tool.distort.iterations": "迭代次数",
  "axiom.tool.distort.scale": "缩放大小",
  "axiom.tool.distort.separate_axis": "分离坐标轴",
  "axiom.tool.distort.smooth_edges": "平滑边缘",
  "axiom.tool.elevation": "相对高度工具",
  "axiom.tool.elevation.apply_mode": "应用",
  "axiom.tool.elevation.apply_mode.continuous": "持续",
  "axiom.tool.elevation.apply_mode.once": "一次",
  "axiom.tool.elevation.custom_heightmap": "自定义高度贴图",
  "axiom.tool.elevation.dynamics": "动态",
  "axiom.tool.elevation.flatten_down": "向下扁平化",
  "axiom.tool.elevation.load_heightmap": "加载高度贴图",
  "axiom.tool.elevation.lower": "降低",
  "axiom.tool.elevation.mode": "模式",
  "axiom.tool.elevation.mode_flatten": "扁平化",
  "axiom.tool.elevation.mode_flatten_up": "向上扁平化",
  "axiom.tool.elevation.mode_lower": "降低",
  "axiom.tool.elevation.mode_raise": "拔高",
  "axiom.tool.elevation.raise": "拔高",
  "axiom.tool.elevation.raise_and_lower": "拔高和降低",
  "axiom.tool.elevation.raise_lower_mode": "模式",
  "axiom.tool.extrude": "拉伸工具",
  "axiom.tool.extrude.displace": "位移",
  "axiom.tool.extrude.displace_expand_description": "移动1个方块厚度的表面，但不进行克隆",
  "axiom.tool.extrude.displace_shrink_description": "移动1个方块厚度的表面，但不进行删除",
  "axiom.tool.extrude.mode": "模式",
  "axiom.tool.extrude.mode.expand": "扩展",
  "axiom.tool.extrude.mode.shrink": "收缩",
  "axiom.tool.flatten": "扁平工具",
  "axiom.tool.flatten.lock_y": "锁定 Y 轴",
  "axiom.tool.flatten.locked_at": "已将 Y 轴锁定在：&%s",
  "axiom.tool.flatten.right_click_to_lock": "右键单击按钮以锁定 Y 轴",
  "axiom.tool.flatten.unlock_y": "解锁 Y 轴",
  "axiom.tool.floodfill": "液体填充工具",
  "axiom.tool.freehand_draw": "自由绘制工具",
  "axiom.tool.freehand_select": "自由选取工具",
  "axiom.tool.generic.advanced_options": "高级选项",
  "axiom.tool.generic.brush": "形状刷子",
  "axiom.tool.generic.brush_height": "高度",
  "axiom.tool.generic.brush_radius": "半径",
  "axiom.tool.generic.brush_shape": "形状",
  "axiom.tool.generic.brush_shape.cone": "锥体",
  "axiom.tool.generic.brush_shape.capsule": "胶囊形",
  "axiom.tool.generic.brush_shape.cuboid": "长方体",
  "axiom.tool.generic.brush_shape.ellipsoid": "椭圆体",
  "axiom.tool.generic.limit": "方块数量限制",
  "axiom.tool.generic.live_preview": "实时预览模式",
  "axiom.tool.generic.mask_surface": "仅蒙版表面",
  "axiom.tool.generic.mask_surface_short": "表面",
  "axiom.tool.generic.noise": "噪声设置",
  "axiom.tool.generic.noise_seed": "种子",
  "axiom.tool.generic.noise_seed_do_randomize": "生成随机种子",
  "axiom.tool.generic.reset_to_default": "恢复默认值",
  "axiom.tool.generic.smoothing_options": "平滑选项",
  "axiom.tool.generic.surface_only": "仅表面",
  "axiom.tool.gradient_painter": "渐变绘制工具",
  "axiom.tool.gradient_painter.clamp_to_edge": "夹紧到边缘",
  "axiom.tool.gradient_painter.gradient": "渐变",
  "axiom.tool.gradient_painter.gradient_interpolation": "函数插值法",
  "axiom.tool.gradient_painter.gradient_interpolation_bezier": "贝塞尔曲线",
  "axiom.tool.gradient_painter.gradient_interpolation_linear": "线性",
  "axiom.tool.gradient_painter.gradient_interpolation_nearest": "最近的",
  "axiom.tool.gradient_painter.gradient_shape": "形状",
  "axiom.tool.gradient_painter.gradient_shape_plane": "平面",
  "axiom.tool.gradient_painter.gradient_shape_sphere": "球体",
  "axiom.tool.gradient_painter.lock_both": "坐标点 1 和 坐标点 2",
  "axiom.tool.gradient_painter.lock_none": "无",
  "axiom.tool.gradient_painter.lock_pos1": "坐标点 1",
  "axiom.tool.gradient_painter.locking": "锁定",
  "axiom.tool.heightmap.amount": "数量",
  "axiom.tool.heightmap.falloff": "衰减向上扁平化",
  "axiom.tool.heightmap.rate": "速度",
  "axiom.tool.heightmap.smoothing": "平滑处理",
  "axiom.tool.heightmap.y_limit": "Y轴限制",
  "axiom.tool.lasso_select": "套索选取",
  "axiom.tool.lasso_select.depth": "深度",
  "axiom.tool.lasso_select.include_non_solid": "包括非实体",
  "axiom.tool.magic_select": "魔法选择工具",
  "axiom.tool.magic_select.compare_any": "任意",
  "axiom.tool.magic_select.compare_block": "方块",
  "axiom.tool.magic_select.compare_blockstate": "方块状态",
  "axiom.tool.magic_select.compare_mode": "选择对象",
  "axiom.tool.magic_select.compare_solid": "固体",
  "axiom.tool.magic_select.compare_material": "材质",
  "axiom.tool.magic_select.range": "范围",
  "axiom.tool.melt": "擦除工具",
  "axiom.tool.noise_painter": "噪声绘制工具",
  "axiom.tool.noise_painter.3d_mode": "3D模式",
  "axiom.tool.noise_painter.anisotropic": "各向异性",
  "axiom.tool.noise_painter.block_mode": "模式",
  "axiom.tool.noise_painter.block_mode_count": "方块数量",
  "axiom.tool.noise_painter.block_mode_threshold": "限制",
  "axiom.tool.noise_painter.blocks": "方块",
  "axiom.tool.noise_painter.cumulative_distribution": "累积分布函数",
  "axiom.tool.noise_painter.gain": "增益",
  "axiom.tool.noise_painter.jitter": "抖动",
  "axiom.tool.noise_painter.lacunarity": "分形间隙",
  "axiom.tool.noise_painter.metaball_noise": "元球效果",
  "axiom.tool.noise_painter.metaball_range": "范围",
  "axiom.tool.noise_painter.noise_preview": "噪声生成预览",
  "axiom.tool.noise_painter.octaves": "频率叠加层数",
  "axiom.tool.noise_painter.probability_density": "概率密度视图",
  "axiom.tool.noise_painter.scale": "缩放大小",
  "axiom.tool.noise_painter.simplex_noise": "单一噪声",
  "axiom.tool.noise_painter.splatter_noise": "飞溅噪声",
  "axiom.tool.noise_painter.voronoi_edges": "泰森多边形边缘",
  "axiom.tool.noise_painter.white_noise": "白噪",
  "axiom.tool.noise_painter.worley_noise": "Worley",
  "axiom.tool.painter": "绘制工具",
  "axiom.tool.painter.clipboard_empty_warning": "剪贴板为空",
  "axiom.tool.painter.inner_radius": "内半径",
  "axiom.tool.painter.merge_strokes": "合并笔触",
  "axiom.tool.painter.paint_mode": "模式",
  "axiom.tool.painter.paint_mode.active_block": "所选方块",
  "axiom.tool.painter.paint_mode.tiled_clipboard": "平铺剪切板",
  "axiom.tool.painter.paint_mode.stamped_clipboard": "印章剪切板",
  "axiom.tool.painter.paint_mode.gradient": "渐变",
  "axiom.tool.painter.soft_edge": "软边",
  "axiom.tool.path": "钢笔工具",
  "axiom.tool.path.curve_bezier": "贝塞尔曲线",
  "axiom.tool.path.curve_bresenham": "线条 (布雷森汉姆)",
  "axiom.tool.path.curve_category": "曲线",
  "axiom.tool.path.curve_catenary": "悬链线",
  "axiom.tool.path.curve_catmull_rom": "卡特莫尔-罗姆样条曲线",
  "axiom.tool.path.curve_dda": "线 (DDA)",
  "axiom.tool.path.curve_type": "类型",
  "axiom.tool.path.deselect_point_n": "取消选择点 %s",
  "axiom.tool.path.easing": "缓动",
  "axiom.tool.path.easing_cubic": "三次贝塞尔",
  "axiom.tool.path.easing_linear": "线性",
  "axiom.tool.path.easing_quadratic": "二次贝塞尔",
  "axiom.tool.path.easing_quartic": "四次贝塞尔",
  "axiom.tool.path.easing_slight": "轻度",
  "axiom.tool.path.easing_type": "缓动类型",
  "axiom.tool.path.easing_type_easein": "渐入",
  "axiom.tool.path.easing_type_easeinout": "渐入/渐出",
  "axiom.tool.path.easing_type_easeout": "渐出",
  "axiom.tool.path.inverted": "反转",
  "axiom.tool.path.looped": "闭合",
  "axiom.tool.path.override_block": "覆盖方块",
  "axiom.tool.path.override_radius": "覆盖半径",
  "axiom.tool.path.radius": "半径",
  "axiom.tool.path.remove": "移除",
  "axiom.tool.path.slack": "松弛",
  "axiom.tool.path.width": "宽度",
  "axiom.tool.rock": "岩石工具",
  "axiom.tool.rock.meld_strength": "融合强度",
  "axiom.tool.rock.meld_strength.description": "工具与地面融合的程度\n会受到“平滑离散程度”的影响",
  "axiom.tool.rock.noise_field_seed": "噪声场随机种子",
  "axiom.tool.rock.noise_field_seed.hint": "随机种子",
  "axiom.tool.rock.noise_radius": "噪声生成半径",
  "axiom.tool.rock.noisiness": "噪声生成强度",
  "axiom.tool.rock.noisiness.description": "方块受噪声场影响的强度\n0 = 无噪声，球形\n1 = 强噪声，斑点",
  "axiom.tool.rock.preview_disabled": "半径大于%s时自动禁用",
  "axiom.tool.rock.smoothing_stddev": "平滑离散程度",
  "axiom.tool.rock.smoothing_stddev.description": "0 = 没有平滑\n2 = 普通平滑 (约4个方块)\n5 = 强平滑 (约10个方块)",
  "axiom.tool.roughen": "粗糙工具",
  "axiom.tool.roughen.min_faces": "最小面数",
  "axiom.tool.roughen.mode_add": "增加模式",
  "axiom.tool.roughen.mode_remove": "移除模式",
  "axiom.tool.roughen.ratio": "比例",
  "axiom.tool.ruler": "标尺工具",
  "axiom.tool.ruler.split": "分割",
  "axiom.tool.ruler.add_point": "添加标记点",
  "axiom.tool.ruler.bounding_size": "边界尺寸 = %s, %s, %s",
  "axiom.tool.ruler.display": "显示",
  "axiom.tool.ruler.display.block_count": "方块数量",
  "axiom.tool.ruler.display.distance": "距离",
  "axiom.tool.ruler.information": "信息",
  "axiom.tool.ruler.maximum": "最大坐标 = %s, %s, %s",
  "axiom.tool.ruler.minimum": "最小坐标 = %s, %s, %s",
  "axiom.tool.ruler.no_information": "没有内容",
  "axiom.tool.ruler.pitch": "俯仰角角度 = %s",
  "axiom.tool.ruler.point_i": "标记点 %s",
  "axiom.tool.ruler.points": "所有标记点",
  "axiom.tool.ruler.remove_point_i": "移除标记点 %s",
  "axiom.tool.ruler.select_center": "选择中心",
  "axiom.tool.ruler.total_length_euclidean": "总长度 (欧几里得距离) = %s",
  "axiom.tool.ruler.total_length_manhattan": "总长度 (曼哈顿距离) = %s",
  "axiom.tool.ruler.yaw": "偏航角角度 = %s",
  "axiom.tool.annotation": "注释",
  "axiom.tool.sculpt_draw": "雕绘工具",
  "axiom.tool.sculpt_draw.denoise": "降噪工具",
  "axiom.tool.sculpt_draw.invert": "反转",
  "axiom.tool.sculpt_draw.mask_y": "遮挡 Y 轴",
  "axiom.tool.sculpt_draw.strength": "强度",
  "axiom.tool.selection": "选项",
  "axiom.tool.selection.actions": "操作",
  "axiom.tool.selection.add": "添加",
  "axiom.tool.selection.clear_selection": "清除选区 (%s)",
  "axiom.tool.selection.confirm_selection": "确认 (%s)",
  "axiom.tool.selection.copy_selection": "复制 (%s)",
  "axiom.tool.selection.duplicate_selection": "Duplicate (%s)",
  "axiom.tool.selection.cut_selection": "剪切 (%s)",
  "axiom.tool.selection.fill_selection": "填充 (%s)",
  "axiom.tool.selection.intersect": "交叉",
  "axiom.tool.selection.mode": "模式",
  "axiom.tool.selection.replace": "替换",
  "axiom.tool.selection.replace_selection": "替换 (%s)",
  "axiom.tool.selection.subtract": "差集",
  "axiom.tool.modelling": "建模",
  "axiom.tool.shape": "形状工具",
  "axiom.tool.shape.archimedean_spiral": "阿基米德螺线 ",
  "axiom.tool.shape.archimedean_spiral.loops": "圈数",
  "axiom.tool.shape.cone": "锥体",
  "axiom.tool.shape.cone.rounding": "圆整",
  "axiom.tool.shape.convex_hull": "凸包",
  "axiom.tool.shape.cube": "立方体",
  "axiom.tool.shape.cuboid": "长方体",
  "axiom.tool.shape.cylinder": "圆柱体",
  "axiom.tool.shape.diameter": "直径",
  "axiom.tool.shape.disk": "圆盘",
  "axiom.tool.shape.dodecahedron": "正十二面体",
  "axiom.tool.shape.extrude_tip": "Tip: 按E可自由放置点位",
  "axiom.tool.shape.gizmo_space": "枢轴工具",
  "axiom.tool.shape.gizmo_space.global": "全局",
  "axiom.tool.shape.gizmo_space.local": "局部",
  "axiom.tool.shape.height": "高度",
  "axiom.tool.shape.icosahedron": "二十面体",
  "axiom.tool.shape.metaball": "元球",
  "axiom.tool.shape.metaball_range": "范围",
  "axiom.tool.shape.cutoff": "截止",
  "axiom.tool.shape.cutoff_amount": "截止%",
  "axiom.tool.shape.modifiers": "修饰符",
  "axiom.tool.shape.octahedron": "正八面体",
  "axiom.tool.shape.offset_when_placing": "放置时的偏移",
  "axiom.tool.shape.paste_options": "粘贴",
  "axiom.tool.shape.pivot": "枢轴",
  "axiom.tool.shape.pivot.base": "基础",
  "axiom.tool.shape.pivot.center": "中心",
  "axiom.tool.shape.placement_options": "放置选项",
  "axiom.tool.shape.plane": "平面",
  "axiom.tool.shape.pyramid": "金字塔",
  "axiom.tool.shape.regular_polygon": "正多边形",
  "axiom.tool.shape.regular_polygon.sides": "侧面",
  "axiom.tool.shape.reset_rotation": "重置旋转参数",
  "axiom.tool.shape.rotation": "旋转",
  "axiom.tool.shape.rotation.auto": "自动",
  "axiom.tool.shape.rotation.keep": "平衡",
  "axiom.tool.shape.rotation.reset": "重置",
  "axiom.tool.shape.separate_hv": "分离水平和垂直",
  "axiom.tool.shape.separate_xz": "分离XZ轴",
  "axiom.tool.shape.shape_category": "类别",
  "axiom.tool.shape.shape_category.flat": "平坦",
  "axiom.tool.shape.shape_category.modelling": "建模",
  "axiom.tool.shape.shape_category.solid": "固体",
  "axiom.tool.shape.smart_surface": "多点建面",
  "axiom.tool.shape.bezier_surface": "贝塞尔曲面",
  "axiom.tool.shape.flat_surface": "平坦曲面",
  "axiom.tool.shape.catmull_rom_surface": "卡特莫尔-罗姆曲面",
  "axiom.tool.shape.smart_surface.visualize_mesh": "可视化网格",
  "axiom.tool.shape.sphere": "球体",
  "axiom.tool.shape.superellipse": "超椭圆",
  "axiom.tool.shape.supersphere": "超球体",
  "axiom.tool.shape.supersphere.exponent": "指数",
  "axiom.tool.shape.torus": "环面",
  "axiom.tool.shape.torus.outer": "外",
  "axiom.tool.shape.torus.ring": "环",
  "axiom.tool.shape.triangle_fan": "三角形扇",
  "axiom.tool.shape.triangle_strip": "三角形条带",
  "axiom.tool.shape.tube": "管状",
  "axiom.tool.shape.tube.thickness": "厚度",
  "axiom.tool.shape.width": "宽度",
  "axiom.tool.shatter": "破碎工具",
  "axiom.tool.shatter.axis": "轴",
  "axiom.tool.shatter.axis_3d": "3D",
  "axiom.tool.shatter.axis_x": "X",
  "axiom.tool.shatter.axis_y": "Y",
  "axiom.tool.shatter.axis_z": "Z",
  "axiom.tool.shatter.scale": "缩放大小",
  "axiom.tool.shatter.use_active_block": "使用选择的方块",
  "axiom.tool.shatter.width": "宽度",
  "axiom.tool.slope": "斜坡工具",
  "axiom.tool.slope.shape": "形状",
  "axiom.tool.slope.shape_cone": "锥体",
  "axiom.tool.slope.shape_plane": "平面形",
  "axiom.tool.smooth": "平滑工具",
  "axiom.tool.smooth.block_ratio": "方块比例",
  "axiom.tool.smooth.fix_edges": "柔化边缘",
  "axiom.tool.smooth.mode_grow": "添补",
  "axiom.tool.smooth.mode_melt": "擦除",
  "axiom.tool.smooth.mode_stable": "平衡",
  "axiom.tool.smooth.modifiers": "修饰符",
  "axiom.tool.smooth.strength": "强度",
  "axiom.tool.stamp": "仿制图章",
  "axiom.tool.stamp.add_blueprint": "添加蓝图",
  "axiom.tool.stamp.base_chance": "基础概率",
  "axiom.tool.stamp.blueprints": "蓝图",
  "axiom.tool.stamp.chance": "几率",
  "axiom.tool.stamp.extend_foundation_to_ground": "将底部延伸至地面",
  "axiom.tool.stamp.extend_foundation_to_ground_tooltip": "将底层方块向下复制，直到碰到一个固体方块",
  "axiom.tool.stamp.min_spacing": "最小间距",
  "axiom.tool.stamp.offset": "偏移",
  "axiom.tool.stamp.automatic_offset": "自动偏移",
  "axiom.tool.stamp.direction": "方向",
  "axiom.tool.stamp.paste_options": "粘贴",
  "axiom.tool.stamp.place": "放置",
  "axiom.tool.stamp.place_deferred": "延迟",
  "axiom.tool.stamp.place_immediate": "立即",
  "axiom.tool.stamp.random_xz_flip": "随机 X/Y轴 翻转",
  "axiom.tool.stamp.random_yaw": "随机偏航",
  "axiom.tool.text": "文字工具",
  "axiom.tool.text.direction": "方向",
  "axiom.tool.text.font": "字体",
  "axiom.tool.text.rasterization": "光栅化",
  "axiom.tool.text.select_font": "选择字体",
  "axiom.tool.text.text_input": "文字",
  "axiom.tool.text.text_size": "尺寸",
  "axiom.tool.text.use_builtin_font": "使用内置字体",
  "axiom.tool.text.use_full_blocks": "使用完整的方块",
  "axiom.tool.weld": "焊接工具",
  "axiom.tool.weld.strength": "强度",
  "axiom.tool.weld.threshold": "平滑临界值",
  "axiom.tutorial.active_block": "部分工具需要方块来进行绘制或放置。您可以通过单击此处物品的图标来选择方块。",
  "axiom.tutorial.box_select_tool1": "这是框选工具。\n它可以选择两点之间的方块",
  "axiom.tutorial.box_select_tool2": "要开始使用工具，请点击一个点，拖动鼠标到另一个点，然后释放。\n之后可以使用 可视化工具进行调整。\n要确认选择，请按回车键。",
  "axiom.tutorial.clipboard": "这里是您的剪贴板。如果您已经选择了一个区域，可使用Ctrl+C将区域内的方块复制于此处。然后使用Ctrl+V进行粘贴放置。",
  "axiom.tutorial.continue": "继续",
  "axiom.tutorial.history": "Axiom会追踪您的操作，以便您进行撤消和重做。在此窗口会显示您每次操作所进行的更改。 (提示：左键点击某一次操作可回到那次操作。右键点击某一次操作可查看此操作所更改的方块所处位置。)",
  "axiom.tutorial.magic_select_tool": "这是魔法选择工具。\n它选择相邻的相同类型方块",
  "axiom.tutorial.main_window": "您当前所处为主视口。\n按住%s并移动鼠标，可进行视角旋转。\n按住%s并移动鼠标，可进行工具的使用。\n按住%s并移动鼠标，可沿Arcball轨迹移动相机。\n滚动鼠标来快速向某一点移动或远离。",
  "axiom.tutorial.sculpt_draw_tool": "这是雕绘工具。\n它可以雕刻地形，根据表面法线拉动方块",
  "axiom.tutorial.selection1": "这是一个选择区域。\n选择区域允许您将工具和操作应用于世界的特定部分。\n要清除选择区域，请按下回车键",
  "axiom.tutorial.selection2": "%s 填充选区内的方块。\n%s 替换选区内的方块。\n%s/%s/Delete 复制/剪切/删除选区中的内容",
  "axiom.tutorial.slope_tool1": "这是坡度工具。\n它允许在两点之间创建地形坡度",
  "axiom.tutorial.slope_tool2": "要使用该工具，请单击一次以设置目标位置。 然后，将鼠标移动到不同的位置并单击并拖动以在两点之间绘制斜坡",
  "axiom.tutorial.tool_options": "您可以在此处查看/更改当前所选工具的设置",
  "axiom.tutorial.tools_window": "这里是工具窗口。在这里可以选择各式各样的工具进行创作。",
  "axiom.widget.add_blueprint_tag": "添加标签",
  "axiom.widget.any_block_property": "任意",
  "axiom.widget.block_list.right_click_to_edit_properties": "右键以编辑属性",
  "axiom.widget.block_properties": "方块属性",
  "axiom.widget.block_tags": "标签",
  "axiom.widget.blueprint_tags": "标签",
  "axiom.widget.cancel": "取消",
  "axiom.widget.clear": "清除",
  "axiom.widget.confirm": "确认",
  "axiom.widget.create_blueprint_tag": "创建标签",
  "axiom.widget.ctrl_click_hint": "Ctrl+左击以设置值",
  "axiom.widget.delete": "删除",
  "axiom.widget.error": "错误",
  "axiom.widget.error_biome_registry": "生物群系注册表不存在！",
  "axiom.widget.false_block_property": "否",
  "axiom.widget.from_block": "目标方块",
  "axiom.widget.ok": "好的",
  "axiom.widget.options": "选项",
  "axiom.widget.presets": "预设",
  "axiom.widget.remove_blueprint_tag": "移除",
  "axiom.widget.rename": "重命名",
  "axiom.widget.search_block": "搜索",
  "axiom.widget.select_block": "选择方块",
  "axiom.widget.to_block": "替换方块",
  "axiom.widget.true_block_property": "是",
  "axiom.widget.use_blueprint_tag": "使用标签",
  "axiom.window.autoshade.ambient_occlusion": "环境光遮蔽",
  "axiom.window.autoshade.ambient_occlusion_shading": "环境光遮蔽阴影",
  "axiom.window.autoshade.dither": "抖动",
  "axiom.window.autoshade.global_illumination": "全局光照",
  "axiom.window.autoshade.palette_full_cube": "完整立方体",
  "axiom.window.autoshade.palette_no_glazed_terracotta": "无带釉陶瓦",
  "axiom.window.autoshade.palette_no_ores": "无矿石",
  "axiom.window.autoshade.palette_no_tile_entities": "无方块实体",
  "axiom.window.autoshade.palette_opaque": "不透明",
  "axiom.window.autoshade.palette_options": "调色板设置",
  "axiom.window.autoshade.palette_same_texture": "相同纹理",
  "axiom.window.autoshade.palette_solid": "固体",
  "axiom.window.autoshade.palette_type": "类型",
  "axiom.window.autoshade.palette_type.automatic": "自动的",
  "axiom.window.autoshade.palette_type.custom": "自定义",
  "axiom.window.autoshade.sun": "启用/禁用阳光阴影",
  "axiom.window.autoshade.sun_pitch": "阳光俯视角",
  "axiom.window.autoshade.sun_shading": "阳光阴影",
  "axiom.window.autoshade.sun_yaw": "阳光偏航角",
  "axiom.window.autoshade.use_player_position": "使用玩家所处位置",
  "axiom.window.rotate_placement.algorithm": "算法",
  "axiom.window.rotate_placement.do_rotate": "旋转",
  "axiom.window.rotate_placement.do_rotate_and_scale": "旋转 / 缩放",
  "axiom.window.rotate_placement.do_scale": "缩放大小",
  "axiom.window.rotate_placement.lossy_rotation_warning": "非90度旋转将会是有损的",
  "axiom.window.rotate_placement.lossy_scaling_warning": "非整数缩放将会是有损的",
  "axiom.window.rotate_placement.nearest_neighbor": "最近邻 (快速)",
  "axiom.window.rotate_placement.rotation": "旋转",
  "axiom.window.rotate_placement.rotsprite": "RotSprite (优质)",
  "axiom.window.rotate_placement.scale": "缩放大小",
  "axiom.window.rotate_placement.scale2x": "2倍缩放 (优质)",
  "axiom.window.rotate_placement.scale3x": "3倍缩放 (优质)",
  "gamerule.axiomDoBlockDrops": "(Axiom) 方块掉落",
  "gamerule.axiomDoBlockGravity": "(Axiom) 方块重力",
  "gamerule.axiomDoTrampleFarmland": "(Axiom) 破坏耕地",
  "gamerule.axiomPlayerInvulnerability": "(Axiom) 玩家无敌",
  "axiom.editorui.window.blueprint_browser.upload_to_server": "上传至服务器",
  "axiom.tool.path.extend_to_ground": "延伸至地面",
  "axiom.buildertool.move_to": "移动到",
  "axiom.buildertool.stack.stack_to": "堆叠到",
  "axiom.buildertool.smear.smear_to": "延伸到",
  "axiom.editorui.mainmenu.operations.simulate_gravity": "模拟重力",
  "axiom.editorui.mainmenu.operations.trigger_updates": "触发更新",
  "axiom.creative_search_quick_add": "按Enter键快速添加第一个方块",
  "axiom.editorui.mainmenu.operations.hollow": "挖空",
  "axiom.editorui.mainmenu.operations.fill_gaps": "填充间隙",
  "axiom.editorui.mainmenu.operations.fill_unreachable": "填充不可达区域",
  "axiom.tool.path.use_stairs_and_slabs": "使用楼梯和台阶",
  "axiom.editorui.reference_image.close_window": "关闭窗口",
  "axiom.editorui.reference_image.set_filtering_nearest": "设置过滤: 最近邻",
  "axiom.editorui.reference_image.set_filtering_linear": "设置过滤: 线性",
  "axiom.editorui.reference_image.show_in_game_ui": "在游戏UI中显示",
  "axiom.editorui.reference_image.borderless": "无边框",
  "axiom.editorui.mainmenu.open_reference_image": "打开参考图片",
  "axiom.tool.path.flat": "平坦",
  "axiom.tool.path.depth": "深度",
  "axiom.contextmenu.edit_block_attributes": "编辑方块属性",
  "axiom.editorui.window.analyze.filter_block_entities": "过滤方块实体",
  "axiom.random": "随机",
  "axiom.edit_display_entity.title": "编辑可见实体",
  "axiom.edit_display_entity.edit_properties": "编辑属性...",
  "axiom.edit_display_entity.edit_transformation": "编辑变换...",
  "axiom.edit_display_entity.reset_translation": "重置平移",
  "axiom.edit_display_entity.reset_rotation": "重置旋转",
  "axiom.edit_display_entity.reset_scale": "重置缩放",
  "axiom.edit_display_entity.gizmo_mode": "枢轴模式",
  "axiom.edit_display_entity.duplicate": "重复",
  "axiom.edit_display_entity.grouping": "分组",
  "axiom.edit_display_entity.range": "范围: %s",
  "axiom.edit_display_entity.group_with_nearby_in_range": "与范围内的附近实体分组",
  "axiom.edit_display_entity.ungroup_children": "取消分组子项",
  "axiom.edit_display_entity.remove": "移除",
  "axiom.edit_display_entity.copy_summon_command": "复制召唤指令",
  "axiom.edit_display_entity.copy_coordinates": "复制坐标",
  "axiom.edit_display_entity.copy_transform_command": "赋值变换指令",
  "axiom.create_display_entity.title": "创建展示实体",
  "axiom.create_display_entity.item_display": "物品展示",
  "axiom.create_display_entity.block_display": "方块展示",
  "axiom.create_display_entity.text_display": "文本展示",
  "axiom.create_display_entity.item": "物品",
  "axiom.create_display_entity.block": "方块",
  "axiom.create_display_entity.text": "文本",
  "axiom.create_display_entity.filter_custom_items": "搜索方块",
  "axiom.create_display_entity.dye_color": "染料颜色",
  "axiom.create_display_entity.background_color": "背景颜色",
  "axiom.create_display_entity.default_background": "默认背景",
  "axiom.create_display_entity.line_width": "线宽",
  "axiom.create_display_entity.alignment": "对齐方式",
  "axiom.create_display_entity.see_through": "透视",
  "axiom.create_display_entity.shadow": "阴影",
  "axiom.create_display_entity.text_opacity": "文本不透明度：%s",
  "axiom.create_display_entity.additional_settings": "附加设置",
  "axiom.create_display_entity.culling_width": "剔除宽度",
  "axiom.create_display_entity.culling_height": "剔除高度",
  "axiom.create_display_entity.interpolation_ticks": "插值刻数",
  "axiom.create_display_entity.teleport_ticks": "传送刻数",
  "axiom.create_display_entity.glow_color_override": "发光颜色覆盖",
  "axiom.create_display_entity.billboard": "广告牌",
  "axiom.create_display_entity.override_brightness": "覆盖亮度",
  "axiom.create_display_entity.block_brightness": "方块亮度：%s",
  "axiom.create_display_entity.sky_brightness": "天空亮度：%s",
  "axiom.create_display_entity.shadow_radius": "阴影半径",
  "axiom.create_display_entity.shadow_strength": "阴影强度：%s",
  "axiom.create_display_entity.view_range": "可视范围：%s",
  "axiom.color_picker": "颜色选择器",
  "axiom.color_picker.full_cube_abbreviation": "F",
  "axiom.color_picker.solid_abbreviation": "S",
  "axiom.color_picker.opaque_abbreviation": "O",
  "axiom.color_picker.same_texture_abbreviation": "T",
  "axiom.color_picker.red_abbreviation": "R",
  "axiom.color_picker.green_abbreviation": "G",
  "axiom.color_picker.blue_abbreviation": "B",
  "axiom.color_picker.hue_abbreviation": "H",
  "axiom.color_picker.hex": "Hex:",
  "axiom.color_picker.saturation_abbreviation": "S",
  "axiom.color_picker.value_abbreviation": "V",
  "axiom.gradient_helper": "渐变",
  "axiom.gradient_helper.inputs": "输入",
  "axiom.gradient_helper.outputs": "输出",
  "axiom.block_attributes.title": "编辑方块属性",
  "axiom.block_attributes.show_collision_mesh": "显示碰撞网格",
  "axiom.block_attributes.show_collision_mesh.description": "用红色轮廓显示每个方块的碰撞体积，有助于查看固体但隐形的方块，如屏障",
  "axiom.block_attributes.show_light_blocks": "显示光照方块",
  "axiom.block_attributes.show_light_blocks.description": "显示并允许点击光照方块，即使没有手持光照方块",
  "axiom.block_attributes.show_moving_piston_blocks": "显示移动活塞方块",
  "axiom.block_attributes.show_moving_piston_blocks.description": "显示移动活塞 (即方块36)方块",
  "axiom.block_attributes.show_structure_void_blocks": "显示结构空位方块",
  "axiom.block_attributes.show_structure_void_blocks.description": "显示结构空位方块",
  "axiom.block_attributes.expand_hitboxes_to_full_cube": "将碰撞箱扩展为完整立方体",
  "axiom.block_attributes.expand_hitboxes_to_full_cube.description": "将所有方块的碰撞箱变为完整立方体，适用于处理如按钮或火把等较小方块时",
  "axiom.block_attributes.make_fluid_hitboxes_solid": "使流体碰撞箱变为固体",
  "axiom.block_attributes.make_fluid_hitboxes_solid.description": "使流体碰撞箱变为固体，允许您破坏流体并在其上放置方块",
  "axiom.block_attributes.prevent_interactions": "防止交互",
  "axiom.block_attributes.prevent_interactions.description": "手持方块时防止打开容器、开门、编辑告示牌等交互",
  "axiom.config": "Axiom配置",
  "axiom.config.capabilities": "功能",
  "axiom.config.capabilities.type_replace": "(替换模式) 类型替换",
  "axiom.config.capabilities.type_replace.description": "替换模式将使用方块的类型进行替换。例如，手持橡木木板替换楼梯将得到橡木楼梯",
  "axiom.config.capabilities.infinite_reach_limit.description": "限制无限触距的距离 (并非真正的无限！)",
  "axiom.config.block_attributes": "方块属性",
  "axiom.config.movement": "移动",
  "axiom.config.movement.flight_momentum": "飞行动量",
  "axiom.config.movement.flight_momentum.description": "应用于飞行移动的动量大小",
  "axiom.config.movement.flight_direction.description": "按下WASD时的飞行移动方向",
  "axiom.config.movement.sync_with_editor_ui": "与编辑器UI同步",
  "axiom.config.movement.sync_with_editor_ui.description": "将上述选项与编辑器UI同步。否则，编辑器将使用0%动量和摄像机飞行方向。",
  "axiom.config.movement.separate_flight_speed": "分离飞行速度",
  "axiom.config.movement.separate_flight_speed.description": "是否为编辑器UI和游戏内使用不同的飞行速度",
  "axiom.config.context_menu": "上下文菜单 (即Alt菜单)",
  "axiom.config.context_menu.keybind": "打开上下文菜单",
  "axiom.config.context_menu.keybind_mode": "按键绑定模式",
  "axiom.config.context_menu.keybind_mode.hold": "按住",
  "axiom.config.context_menu.keybind_mode.toggle": "切换",
  "axiom.config.context_menu.auto_swap_to_creative": "自动切换到创造模式",
  "axiom.config.context_menu.auto_swap_to_creative.description": "按下上下文菜单按键时自动切换到创造模式",
  "axiom.config.context_menu.auto_swap_to_hotbar_with_item": "自动切换到有物品的快捷栏",
  "axiom.config.context_menu.auto_swap_to_hotbar_with_item.description": "当拾取一个存在于额外快捷栏中的物品时，您将自动切换到该快捷栏",
  "axiom.config.context_menu.global_hotbars": "全局快捷栏",
  "axiom.config.context_menu.global_hotbars.description": "在所有世界和服务器之间共享上下文菜单中的额外快捷栏",
  "axiom.config.keybinds.view_editor_keybinds": "查看编辑器按键绑定",
  "axiom.config.keybinds.view_all_ingame_keybinds": "查看所有游戏内按键绑定",
  "axiom.config.keybinds.copy_ingame.description": "游戏内'复制'按键绑定。用于在查看方块和展示/标记实体时复制精确的方块状态",
  "axiom.config.keybinds.rotate_placement.description": "使用建造工具 (移动、克隆等)时旋转方块的按键绑定",
  "axiom.config.keybinds.flip_placement.description": "使用建造工具 (移动、克隆等)时翻转方块的按键绑定",
  "axiom.config.builder_tools": "建造工具",
  "axiom.config.builder_tools.show_builder_tool_slot": "显示建造工具槽位",
  "axiom.config.builder_tools.show_builder_tool_slot.description": "显示建造工具槽位。如果隐藏，仍可通过按下'建造工具'按键绑定 (默认0)访问",
  "axiom.config.builder_tools.direction_lock": "方向锁定",
  "axiom.config.builder_tools.direction_lock.description": "按住X/Y/Z键将滚动锁定到该轴",
  "axiom.config.builder_tools.symmetry_range": "对称范围",
  "axiom.config.builder_tools.symmetry_range.description": "对称功能将停用的距离。旨在避免意外编辑很远的方块",
  "axiom.config.builder_tools.magic_select_count": "魔法选择数量",
  "axiom.config.builder_tools.magic_select_count.description": "建造工具使用魔法选择时连接的方块数量",
  "axiom.config.builder_tools.middle_click": "中键点击",
  "axiom.config.builder_tools.middle_click.description": "使用建造工具中键点击时的选择行为",
  "axiom.config.builder_tools.middle_click.extend_select": "扩展选择",
  "axiom.config.builder_tools.middle_click.magic_select": "魔法选择",
  "axiom.config.creative_menu": "创造菜单",
  "axiom.config.creative_menu.show_color_picker": "显示颜色选择器",
  "axiom.config.creative_menu.show_color_picker.description": "在创造菜单中显示Axiom颜色选择器标签页",
  "axiom.config.creative_menu.show_gradient_helper": "显示渐变助手",
  "axiom.config.creative_menu.show_gradient_helper.description": "在创造菜单中显示Axiom渐变助手标签页",
  "axiom.config.creative_menu.search_quick_add": "搜索快速添加",
  "axiom.config.creative_menu.search_quick_add.description": "使用搜索标签页时，按Enter键可快速将第一个方块添加到快捷栏",
  "axiom.config.visuals": "视觉效果",
  "axiom.config.visuals.min_brightness.description": "最低亮度级别。0 = 默认，100 = 全亮。",
  "axiom.config.visuals.liquid_opacity.description": "透明液体 (例如水)的不透明度乘数",
  "axiom.config.visuals.show_key_presses.description": "在右下角显示所有按键按下。适用于录制演示/教程",
  "axiom.config.visuals.show_biomes.description": "渲染边界覆盖层，显示世界中的生物群系边界",
  "axiom.config.visuals.show_annotations.description": "显示注释。注释可以在编辑器UI内使用'注释工具'创建",
  "axiom.config.visuals.show_ruler.description": "显示标尺标记。标尺标记可以在编辑器UI内使用'标尺工具'创建",
  "axiom.config.visuals.show_key_hints.description": "在右下角显示建造工具和标记/展示实体操控功能的可用按键绑定",
  "axiom.config.visuals.add_blockstate_to_tooltip": "向工具提示添加BLOCK_STATE",
  "axiom.config.visuals.add_blockstate_to_tooltip.description": "向物品工具提示添加BLOCK_STATE组件信息",
  "axiom.config.visuals.status_background": "状态背景",
  "axiom.config.visuals.status_background.description": "快捷栏上方的状态栏用于显示一些工具信息。禁用此选项将移除状态文本的背景",
  "axiom.config.entity_manipulation": "标记/展示实体操控",
  "axiom.config.entity_manipulation.show_display_entity_gizmos.description": "显示展示实体的操控工具，允许您移动和操作它们",
  "axiom.config.entity_manipulation.display_entity_range": "展示实体范围",
  "axiom.config.entity_manipulation.display_entity_range.description": "展示实体操控工具将出现的距离",
  "axiom.config.entity_manipulation.show_marker_entity_gizmos.description": "显示标记实体的操控工具，允许您移动和操作它们",
  "axiom.config.entity_manipulation.marker_entity_range": "标记实体范围",
  "axiom.config.entity_manipulation.marker_entity_range.description": "标记实体操控工具将出现的距离",
  "axiom.config.entity_manipulation.swap_left_right_click": "交换左/右点击",
  "axiom.config.entity_manipulation.swap_left_right_click.description": "交换分配给左键和右键点击的功能",
  "axiom.config.editor": "编辑器UI",
  "axiom.config.editor.clear_tool_when_swapping": "切换时清除工具",
  "axiom.config.editor.clear_tool_when_swapping.description": "切换到不同工具时重置工具状态。旨在防止意外误用",
  "axiom.config.blueprint": "蓝图",
  "axiom.config.blueprint.custom_path": "自定义路径",
  "axiom.config.blueprint.custom_path.description": "用于蓝图浏览器的自定义路径。允许您在多个实例之间使用相同的蓝图文件夹",
  "axiom.config.blueprint.default_tags": "默认标签",
  "axiom.config.blueprint.default_tags.description": "创建蓝图时显示的默认标签的逗号分隔值列表",
  "axiom.editorui.window.tool_masks.mask_all": "全部",
  "axiom.editorui.window.tool_masks.mask_any": "任意",
  "axiom.keybind": "Axiom",
  "axiom.keybind_capabilities": "Axiom (功能)",
  "axiom.tool.slope.tutorial1": "点击一次以设置目标位置",
  "axiom.editorui.window.create_blueprint.bp_filter_description": "蓝图文件",
  "axiom.tool.slope.mode_cone": "锥体",
  "axiom.editorui.crosshair": "准心移动视角",
  "axiom.capability.airplane.description": "更精准的飞行 - 没有惯性地飞向视角方向",
  "axiom.tool.slope.tutorial2": "从其他地方拖拽来绘制坡度",
  "axiom.capability.airplane.title": "飞行增强",
  "axiom.tool.heightmap.height": "高度",
  "axiom.editorui.mainmenu.select.mask": "创建蒙版...",
  "axiom.editorui.window.mask_selection.mask": "建立蒙版",
  "axiom.editorui.window.mask_selection": "选择充当蒙版的方块",
  "axiom.tool.slope.mode": "模式",
  "axiom.tool.slope.mode_plane": "平面",
  "axiom.editorui.window.clipboard.placement_options.rotate": "旋转...",
  "axiom.tool.heightmap.sharpness": "锐度",
  "axiom.keybind.toggle_enhanced_flight_cap": "切换增强飞行",
  "axiom.editorui.window.tool_masks.mask_y": "Y 轴",
  "axiom.tutorial.clentaminator_tool": "这是环境改造枪。\n它允许您使用地形和装饰预设进行绘制。\n如果您需要快速为区域添加风格，这将非常有用",
  "axiom.keybind_builder_tools": "Axiom (建造工具)",
  "axiom.tool.generic.brush_shape.bicone": "双圆锥",
  "axiom.editorui.window.tool_masks.mask_block_offset": "方块 (偏移)",
  "axiom.tool.painter.paint_mode.clipboard": "剪贴板",
  "axiom.editorui.mainmenu.operations.generate.colour_field": "色域"
}